<?xml version="1.0" encoding="UTF-8"?>
<project-private xmlns="http://www.netbeans.org/ns/project-private/1">
    <editor-bookmarks xmlns="http://www.netbeans.org/ns/editor-bookmarks/2" lastBookmarkId="0"/>
    <open-files xmlns="http://www.netbeans.org/ns/projectui-open-files/2">
        <group>
            <file>file:/E:/Di%20Napoli/5%5EA/Tecnologie/progTelegram/src/progtelegram/JFrameTelegram.java</file>
            <file>file:/E:/Di%20Napoli/5%5EA/Tecnologie/progTelegram/src/progtelegram/ProgTelegram.java</file>
        </group>
    </open-files>
</project-private>
